Chemical name,Brand name (from Health Canada),Strength,Dosage form,DIN/NPN,Manufacturer
acetaminophen,Acetaminophen regular strength,325 mg,tablet,02252805,"CellChem 
Pharmaceuticals Inc."
acetaminophen,Acetaminophen extra strength,500 mg,tablet,02252813,"CellChem 
Pharmaceuticals Inc."
acetaminophen,Tylenol arthritis pain 8H,650 mg,tab er,02238885,"McNeil Consumer 
Healthcare"
acetaminophen,Abenol,650 mg,supp rect,01919407,Pendopharm Inc.
acetaminophen,Acet 120,120 mg,supp rect,02230434,Pendopharm Inc.
acetaminophen,PMS-acetaminophen suppositories,120 mg,supp rect,02046660,Pharmascience Inc.
acetaminophen,Acet 160,160 mg,supp rect,02230435,Pendopharm Inc.
acetaminophen,Acetaminophen for children,160 mg,tab chew,02017431,Laboratoires Riva Inc.
acetaminophen,Children's Tylenol,160 mg,tab chew,02241361,"McNeil Consumer 
Healthcare"
acetaminophen,Junior strength,160 mg,tab chew,02230934,Tanta Pharmaceuticals Inc.
acetaminophen,Children's fast melts,160 mg,tab rapdis,02347792,"McNeil Consumer 
Healthcare"
acetaminophen,Junior strength,160 mg,tablet,02142805,Vita Health Products Inc.
acetaminophen,PDP-acetaminophen,160 mg/5 mL,liquid,00792691,Pendopharm Inc.
acetaminophen,Children's acetaminophen,160 mg/5 mL,liquid,01901389,Jamp Pharma Corp.
acetaminophen,Children's Tylenol,160 mg/5 mL,oral susp,02046040,"McNeil Consumer 
Healthcare"
acetaminophen,Acetaminophen,160 mg/5 mL,liquid,01958836,Laboratoires Trianon Inc.
acetaminophen,Pediatrix,160 mg/5 mL,liquid,02027798,Teva Canada Ltd.
acetaminophen,Tempra double strength children's syrup,160 mg/5 mL,syrup,00875996,Paladin Labs Inc.
acetaminophen,Novo Gesic,325 mg,caplet,00389218,Teva Canada Ltd.
acetaminophen,Acetaminophen,325 mg,supp rect,02230436,Pendopharm Inc.
acetaminophen,Jamp acetaminophen,325 mg,tablet,01938088,Jamp Pharma Corp.
,Acetaminophen,650 mg,supp rect,02230437,Pendopharm Inc.
,PMS-acetaminophen suppositories,650 mg,supp rect,02046695,Pharmascience Inc.
acetaminophen,Jamp acetaminophen,500 mg,tablet,01939122,Jamp Pharma Corp.
acetaminophen,Acetaminophen,650 mg,supp rect,02230437,Pendopharm Inc.
acetaminophen,PMS-acetaminophen suppositories,650 mg,supp rect,02046695,Pharmascience Inc.
acetaminophen,Acetaminophen for children,80 mg,tab chew,02017458,Laboratoires Riva Inc.
acetaminophen,Acetaminophen for children,80 mg,tab chew,02129957,Vita Health Products Inc.
acetaminophen,Acetaminophen for children,80 mg,tab chew,02015676,Tanta Pharmaceuticals Inc.
acetaminophen,Tempra children's syrup,80 mg/5 mL,syrup,00884553,Paladin Labs Inc.
acetaminophen,Tempra infant drops,80 mg/mL,drops,00875988,Paladin Labs Inc.
acetaminophen,Pediatrix drops,80 mg/mL,drops,02027801,Teva Canada Ltd.
acetaminophen,Acetaminophen,80 mg/mL,drops,01905864,Laboratoires Trianon Inc.
acetaminophen,Infant's Tylenol,80 mg/mL,drops susp,02046059,"McNeil Consumer 
Healthcare"
acetaminophen,Acetaminophen Tablets Usp 500 Mg,500 mg,tablet,02362244,Apotex Inc.
acetaminophen,Apo-Acetaminophen Caplets Extra Strength,500 mg,tablet,02229977,Apotex Inc.
acetaminophen,Apo-Acetaminophen Extra Strength,500 mg,tablet,00545007,Apotex Inc.
acetaminophen,Novo-Gesic Forte,500 mg,tablet,00482323,Teva Canada Ltd.
acetylsalicylic acid (ASA),ASA,325 mg,tablet,00530336,Vita Health Products Inc.
acetylsalicylic acid (ASA),Aspirin-coated for delayed release regular strength,325 mg,tab dr,02150417,Bayer Inc.
acetylsalicylic acid (ASA),Enteric-coated ASA,325 mg,tab dr,00510696,Apotex Inc.
acetylsalicylic acid (ASA),Jamp-ASA,80 mg,tab chew,02269139,Jamp Pharma Corp.
acetylsalicylic acid (ASA),ASA,80 mg,tab chew,02280167,Odan Laboratories Ltd.
acetylsalicylic acid (ASA),Asaphen,80 mg,tab chew,02009013,Pharmascience Inc.
acetylsalicylic acid (ASA),SNS-ASA EC,80 mg,tablet dr,02427176,Sanis Health Inc.
acetylsalicylic acid (ASA),Asaphen EC,80 mg,tablet dr,02238545,Pharmascience Inc.
acetylsalicylic acid (ASA),Entrophen,81 mg,tab chew,02243974,Pendopharm Inc.
acetylsalicylic acid (ASA),ASA daily low dose,81 mg,tab chew,02394790,Pharmascience Inc.
acetylsalicylic acid (ASA),Aspirin,81 mg,tablet dr,02237726,Bayer Inc.
acetylsalicylic acid (ASA),Entrophen,81 mg,tablet dr,02242281,Pendopharm Inc.
acetylsalicylic acid (ASA),ASA,81 mg,tablet dr,02244993,Pharmascience Inc.
acetylsalicylic acid (ASA),Praxis ASA EC daily low dose,81 mg,tablet dr,02283700,Pharmascience Inc.
acetylsalicylic acid (ASA),ASA EC,81 mg,tablet dr,02426811,Sanis Health Inc.
acetylsalicylic acid (ASA),JAMP-ASA EC,81 mg,tablet dr,02427206,Vita Health Products Inc.
acetylsalicylic acid (ASA),ASA,81 mg,tablet dr,02433044,Pharmascience Inc.
acetylsalicylic acid (ASA),ASA,81 mg,tablet dr,02449277,Laboratoires Trianon Inc.
acetylsalicylic acid (ASA),Equate daily low dose,81 mg,tablet dr,02243801,Pharmascience Inc.
acetylsalicylic acid (ASA),ASA exact coated daily low dose,81 mg,tablet dr,02243896,Pharmascience Inc.
acetylsalicylic acid (ASA),ASA coated daily low dose,81 mg,tablet dr,02377683,Apotex Inc.
acetylsalicylic acid (ASA),Jamp-Asa Ec,80 mg,tablet dr,02283905,Jamp Pharma Corp.
bacitracin,Bacitin,500 unit/g,oint (g),00584908,Pendopharm Inc.
bacitracin zinc/polymyxin B,Polysporin antibiotic,500-10 k/g,oint (g),02237227,Johnson & Johnson Inc.
bacitracin/gramicidin/polymyx n,Polysporin triple antibiotic,500-0.25 mg,oint (g),02237226,Johnson & Johnson Inc.
bacitracin/polymyxin B sulfate,Bioderm,500-10 k/g,oint (g),00621366,Odan Laboratories
bacitracin/polymyxin B sulfate,Polysporin sterile ophthalmic,500-10 k/g,oint (g),02239157,Johnson & Johnson Inc.
bacitracin/polymyxin B sulfate,Anitibiotic,500-10 k/g,oint (g),02304473,Pharmascience Inc.
bacitracin/polymyxin B sulfate,Jampolycin,500-10 k/g,oint (g),02357569,Jamp Pharma Corp.
benzoyl peroxide,Benzagel,5%,cleanser,02162121,Columbia Laboratories Canada Inc.
benzoyl peroxide,Benzagel,5%,gel alcohol,02162113,Columbia Laboratories Canada Inc.
benzoyl peroxide,Benzagel,5%,lotion,02166607,Columbia Laboratories Canada Inc.
bisacodyl,Bisacodyl,10 mg,supp rect,02458853,"CellChem 
Pharmaceuticals Inc."
bisacodyl,Bisacodyl,10 mg,supp rect,02361450,Jamp Pharma Corp.
bisacodyl,Dulcolax,10 mg,supp rect,00003875,Sanofi Consumer Health Inc.
bisacodyl,JAMP-bisacodyl,5 mg,tablet dr,02246039,Jamp Pharma Corp.
bisacodyl,Bisacdyl-Odan,5 mg,tablet dr,02273411,Odan Laboratories Ltd.
bisacodyl,APO-Bisacodyl,5 mg,tablet dr,00545023,Apotex Inc.
bisacodyl,PMS-Bisacodyl,5 mg,tablet dr,00587273,Pharmascience Inc.
calcium,Solucal raspberry,100/1.25 mL,liquid,80025523,Jamp Pharma Corp.
calcium,mcal,1000 mg,tablet,80019536,Mantra Pharma Inc.
calcium,NU-CAL,100 mg,liquid,80043628,Odan Laboratories Ltd.
calcium,Solu-Cal green apple,100 mg/1.25 mL,liquid,80025527,Jamp Pharma Corp.
calcium,Solu-Cal,20 mg/mL,liquid,80002626,Jamp Pharma Corp.
calcium,Calcium,20 mg/mL,liquid,80006877,Wampole
calcium,Pharma-Cal,500 mg,caplet,80001122,Pendopharm Inc.
calcium,calcium,500 mg,tab chew,00705373,Wampole
calcium,NU-CAL,500 mg,tablet,00618098,Odan Laboratories Ltd.
calcium,O-Calcium,500 mg,tablet,00622443,Vita Health Products Inc.
calcium,calcium,500 mg,tablet,00682039,Apotex Inc.
calcium,calcium,500 mg,tablet,02240240,Pharmetics
calcium,calcium,500 mg,tablet,02246040,Jamp Pharma Corp.
calcium,oyster shell,500 mg,tablet,80001408,Nutricorp International
calcium,calcium,500 mg,tablet,80003658,WN Pharmaceuticals Ltd.
calcium,calcium,500 mg,tablet,80003773,Laboratoires Trianon Inc.
calcium,CAL-500,500 mg,tablet,80017732,ProDoc Ltée
calcium,mcal,500 mg,tablet,80055526,Mantra Pharma Inc.
calcium,calcium carbonate,500 mg,tablet,80062015,Sanis Health Inc.
calcium carbonate,TUMS ultra strength,1000 mg,tab chew,02151138,GlaxoSmithKline
calcium carbonate,TUMS,500 mg,tab chew,01970240,GlaxoSmithKline
calcium carbonate,TUMS extra strength,750 mg,tab chew,01967932,GlaxoSmithKline
calcium polystyrene sulfonate,Resonium,999 mg/g,"powder for 
solution",02017741,Sanofi-Aventis Canada Inc.
calcium vitamin D,Carbocal,500 mg/400 IU,tablet,02245511,Sandoz Canada Inc.
calcium vitamin D,calcium + vitamin D,500 mg/400 IU,tablet,80004969,Laboratoires Trianon Inc.
calcium vitamin D,mcal,500 mg/400 IU,tablet,80009412,Mantra Pharma Inc.
calcium vitamin D,Biocal-D strong/fort,500 mg/400 IU,tablet,80012594,Biomed Pharma
calcium vitamin D,calcium + vitamin D,500 mg/400 IU,tablet,80002122,Jamp Pharma Corp.
calcium vitamin D,calcium + vitamin D (lemon flavour),500 mg/400 IU,tablet,80002623,Jamp Pharma Corp.
calcium vitamin D,NU-CAL D,500 mg/400 IU,tablet,80002703,Odan Laboratories Ltd.
calcium vitamin D,CALCITE 500 D 400,500 mg/400 IU,tablet,80004963,Laboratoire Riva Inc.
calcium vitamin D,calcium,500 mg/400 IU,tablet,80027026,Jamp Pharma Corp.
calcium vitamin D,Solu-Cal D; Solu-Cal D 400; Solu-Cal D green applie flavour,"500 mg/400 
IU/25 mL",liquid,80008126,Jamp Pharma Corp.
capsaicin,ZOSTRIX,0.03%,cream,00740306,"Bausch Health, Canada Inc."
capsaicin,capsaicin,0.03%,cream,02157101,"Bausch Health, Canada Inc."
capsaicin,ZOSTRIX HP,0.08%,cream,02004240,"Bausch Health, Canada Inc."
capsaicin,capsaicin,0.08%,cream,02157128,"Bausch Health, Canada Inc."
cetirizine,cetirizine,10 mg,tablet,02451778,"JAMP PHARMA 
CORPORATION"
cetirizine,cetirizine,10 mg,tablet,02231603,Apotex Inc.
cetirizine,Reactine,1 mg/mL,syrup,02238337,"McNeil Consumer 
Healthcare"
cetirizine,Cetirizine Extra Strength,10 mg,tablet,02517566,Jamp Pharma Corp.
chlorpheniramine,Pheniram,4 mg,tablet,00021288,Teva Canada Ltd.
"citric acid, magnesium oxide, sodium picosulfate",Purg-Odan,10 mg-12 g,powder,02317966,Odan Laboratories Ltd.
"citric acid, magnesium oxide, sodium picosulfate",Pico-Salax,10 mg-12 g,powder,02254794,Ferring Inc.
"citric acid, sodium citrate",dicitrate,"66.8 mg/mL, 
100 mg/mL",solution,00721344,Pendopharm Inc.
clobetasone butyrate,Spectro Exzemacare,0.05%,cream,02214415,GlaxoSmithKline
clotrimazole,Clotrimaderm,1%,cream,00812382,Taro Pharmaceuticals
clotrimazole,Clotrimaderm,1%,cream/appl,00812366,Taro Pharmaceuticals
clotrimazole,Clotrimaderm 3,2%,cream/appl,00812374,Taro Pharmaceuticals
clotrimazole,Canesten ComforTAB 3,200 mg,vaginal tablet,02150840,Bayer Inc.
clotrimazole,Canesten ComforTAB 1,500 mg,vaginal tablet,02150859,Bayer Inc.
clotrimazole,Canesten 1 day,10%,cream/appl,02150883,Bayer Inc.
clotrimazole,Canesten 6 day,1%,cream/appl,02150891,Bayer Inc.
clotrimazole,Canesten 3 day,2%,cream/appl,02150905,Bayer Inc.
clotrimazole combipak,"CANESTEN COMBI 3 DAY 
COMFORTAB + EXTERNAL CREAM",200 mg-1%,"vaginal tablet, kit, cream",02264099,Bayer Inc.
clotrimazole combipak,"CANESTEN COMBI 1 DAY 
COMFORTAB + EXTERNAL CREAM",500 mg-1%,"vaginal tablet, kit, cream",02264102,Bayer Inc.
coal tar,NEUTROGENA T/GEL THERAPEUTIC SHAMPOO,0.50%,shampoo,02240645,Johnson & Johnson Inc.
coal tar,TARGEL,10%,gel,00344508,Odan Laboratories Ltd.
coal tar,"ODANS LIQUOR CARBONIS 
DETERGENS",20%,solution,00358495,Odan Laboratories Ltd.
crotamiton,EURAX CREAM 10%,10%,cream,00623377,Columbia Laboratories Canada Inc.
cyanocobalamin,Cyanocobalamin Injection Usp,1000 mcg/mL,solution,02463393,Hikma Canada Ltd.
cyanocobalamin,Cyanocobalamin Injection Usp,1000 mcg/mL,solution,02465507,Hikma Canada Ltd.
desloratadine,AERIUS KIDS,0.5 mg/mL,syrup,02247193,Bayer Inc.
desloratadine,AERIUS,5 mg,tablet,02243919,Bayer Inc.
desloratadine,DESLORATADINE ALLERGY CONTROL,5 mg,tablet,02298155,Pharmascience Inc.
desloratadine,DESLORATADINE TABLETS,5 mg,tablet,02338424,Apotex Inc.
"dextran 70, hypromellose",TEARS NATURALE FREE,0.1%-0.3%,drops,01943308,Alcon Canada Inc.
"dextran 70, hypromellose",TEARS NATURALE II,0.1%-0.3%,drops,00743445,Alcon Canada Inc.
diclofenac diethylamine,VOLTAREN EMULGEL BACK & MUSCLE PAIN,1.16%,gel,02465035,GlaxoSmithKline
diclofenac diethylamine,VOLTAREN EMULGEL JOINT PAIN REGULAR STRENGTH,1.16%,gel,02338580,GlaxoSmithKline
diclofenac diethylamine,"VOLTAREN EMULGEL EXTRA 
STRENGTH",2.32%,gel,02393190,GlaxoSmithKline
diclofenac diethylamine,VOLTAREN EMULGEL JOINT PAIN EXTRA STRENGTH,2.32%,gel,02465043,GlaxoSmithKline
dimenhydrinate,"PMS-DIMENHYDRINATE SYR 
3MG/ML",3 mg/mL,syrup,00757705,Pharmascience Inc.
dimenhydrinate,KIDS GRAVOL LIQUID,15 mg/5 mL,liquid,00230197,Church & Dwight Canada Corp.
dimenhydrinate,KIDS GRAVOL SUPPOSITORIES,25 mg,supp rect,00783595,Church & Dwight Canada Corp.
dimenhydrinate,CONFAB DIMENHYDRINATE 50 MG,50 mg,supp rect,00392553,Laboratoires Confab Inc.
dimenhydrinate,JAMP-DIMENHYDRINATE,50 mg,tablet,02245416,Jamp Pharma Corp.
dimenhydrinate,APO DIMENHYDRINATE TAB 50MG,50 mg,tablet,00363766,Apotex Inc.
dimenhydrinate,DIMENHYDRINATE INJ 50MG USP,50 mg/mL,vial,00392537,Sandoz Canada Inc.
dimenhydrinate,Gravol Suppositories,100mg,supp. Rect,00013609,Church & Dwight Canada Corp.
dimethicone,NYDA,50%,liquid,02373785,G POHL-BOSKAMP GMBH + CO KG
dimethicone (silicone),BARRIERE CREAM 20%,20%,cream,02060841,"Wellspring 
Pharmaceutical Canada Corp."
diphenhydramine,BENADRYL ALLERGY LIQUID,12.5 mg/5 mL,liquid,02019736,"McNeil Consumer 
Healthcare"
diphenhydramine,diphenhydramine hydrochloride elixir,12.5 mg/5 mL,liquid,02298503,Jamp Pharma Corp.
diphenhydramine,Allergy elixir,12.5 mg/5 mL,liquid,00833266,Tanta Pharmaceuticals Inc.
diphenhydramine,diphenhydramine elixir 2.5mg/mL,12.5 mg/5 mL,liquid,00792705,Pharmascience Inc.
diphenhydramine,Allergy formula,25 mg,caplet/tablet,02229492,Vita Health Products Inc.
diphenhydramine,Allernix,25 mg,caplet/tablet,02097583,Teva Canada Ltd.
diphenhydramine,Benadryl Allergy,25 mg,caplet/tablet,02017849,"McNeil Consumer 
Healthcare"
diphenhydramine,PDP-diphenhydramine,25 mg,capsule,00757683,Pendopharm Inc.
diphenhydramine,ALLERGY TABLETS 25MG,25 mg,tablet,01949454,Tanta Pharmaceuticals Inc.
diphenhydramine,JAMP DIPHENHYDRAMINE 25 MG,25 mg,tablet,02257548,Jamp Pharma Corp.
diphenhydramine,ALLERNIX EXTRA STRENGTH,50 mg,caplet,02097575,Teva Canada Ltd.
diphenhydramine,PDP-DIPHENHYDRAMINE EXTRA STRENGTH/ EXTRA FORT,50 mg,capsule,00757691,Pendopharm Inc.
diphenhydramine,JAMP DIPHENHYDRAMINE 50 MG,50 mg,tablet,02257556,Jamp Pharma Corp.
diphenhydramine,"DIPHENHYDRAMINE 
HYDROCHLORIDE INJECTION USP",50 mg/mL,liquid,00596612,Sandoz Canada Inc.
diphenhydramine,DIPHENIST 50MG/ML,50 mg/mL,liquid,02219336,Omega Laboratories Ltd.
diphenhydramine,CHILDREN'S BENADRYL ALLERGY LIQUID,6.25 mg/5 mL,liquid,02019698,"McNeil Consumer 
Healthcare"
electrolyte solution/peg's,PEGLYTE POWDER,238.18 g - 22.96 g,powder,00777838,Pendopharm Inc.
electrolyte solution/peg's,COLYTE,"857.69 mg/g - 
81.2 mg/g",powder,00677442,Pendopharm Inc.
electrolytes,"PEDIATRIC ELECTROLYTE SOLUTION - UNFLAVOURED; PEDIATRIC 
ELECTROLYTE","30 mEq/L - 45 
mEq/L",solution,02219883,"Pharmascience Inc. / Pendopharms, Division of Pharmascience Inc."
electrolytes,"HYDRALYTE ELECTROLYTE 
MAINTENANCE POWDER; 
ELECTROLYTE MAINTENANCE POWDER","321.5 mg/200 
mL - 208 
mg/200 mL",powder,80026860,"Hydration 
Pharmaceutical Trust"
electrolytes,"HYDRALYTE ELECTROLYTE 
MAINTENANCE SOLUTION","5.61 mg/mL 
1.06 mg/mL",solution,80026861,"Hydration 
Pharmaceutical Trust"
electrolytes/dextrose,"PEDIALYTE® UNFLAVOURED; 
PEDIALYTE® FREEZER POPS; 
PEDIALYTE® FRUIT FLAVOUR; PEDIALYTE® GRAPE FLAVOUR",1.244 g/L - 1.037 g/L,liquid,00630365,Abbott Laboratories Co.
enema,ENEMOL (SODIUM PHOSPHATE ENEMA); LAX-A NEMA; LAX-A NEMA PEDIATRIC,16.0 g - 6.0 g,enema/liquid,02096900,Pendopharm Inc.
enema,FLEET® ENEMA,160 g/L - 60 g/L,enema/solution,00009911,C.B. Fleet Company Inc.
enema ped,FLEET® ENEMA PEDIATRIC,1.6 g/L - 0.6 g/L,enema/solution,00108065,C.B. Fleet Company Inc.
epinephrine,"EPIPEN 0.3MG/0.3ML AUTO 
INJECTOR",0.3 mg/0.3 mL,autoinjector,00509558,Mylan Specialty LP
epinephrine,EPIPEN JR 0.15MG/0.3ML AUTO INJECTOR,0.15 mg/0.3 mL,autoinjector,00578657,Mylan Specialty LP
epinephrine,ALLERJECT 0.3MG/0.3ML AUTO INJECTOR,0.3 mg/0.3 mL,autoinjector,02382067,Kaleo Inc
epinephrine,ALLERJECT 0.15MG/0.3ML AUTO INJECTOR,0.15 mg/0.3 mL,autoinjector,02382059,Kaleo Inc
epinephrine,EMERADE 0.5MG/0.5ML AUTO INJECTOR,0.5 mg/0.5 mL,autoinjector,02458454,"Bausch Health, Canada Inc."
epinephrine,EMERADE 0.3MG/0.3ML AUTO INJECTOR,0.3 mg/0.3 mL,autoinjector,02458446,"Bausch Health, Canada Inc."
ferrous fumarate 300 mg,JAMP-FER,300 mg,capsule,80024232,"Jamp Pharma 
Corporation"
ferrous fumarate 300(100) mg,EURO-FER; SANDOZ FER,300 mg,capsule,02237556,Sandoz Canada Inc.
ferrous fumarate 300(100) mg,FERROUS FUMARATE,300 mg,tablet,00031089,"Wampole, Division of Jamp Pharma Corp."
ferrous fumarate 300(100)/5,PALAFER®,60 mg/mL,suspension,01923439,"Bausch Health, Canada Inc."
ferrous gluconate 300(35) mg,NOVO-FERROGLUC 300 MG TAB; FERROUS GLUCONATE; FERROGLUC,300 mg,tablet,80000435,Nutricorp International
ferrous gluconate 300(35) mg,WAMPOLE FERROUS GLUCONATE TABLETS 300 MG,300 mg,tablet,80009681,"Wampole, Division of Jamp Pharma Corp."
ferrous gluconate 300(35) mg,JAMP-FERROUS GLUCONATE,300 mg,tablet,00031097,Jamp Pharma Corp.
ferrous gluconate 300(35) mg,APO-FERROUS GLUCONATE,300 mg,tablet,00545031,AA Pharma Inc.
ferrous sulfate 150(30)/5 sl,PEDIAFER,30 mg/mL,solution,02242863,Sandoz Canada
ferrous sulfate 150(30)/5 sl,FERODAN SYRUP,30 mg/mL,solution,00758469,Odan Laboratories Ltd.
ferrous sulfate 300(60) mg,JAMP-FERROUS SULFATE,300 mg,tablet,00031100,Jamp Pharma Corp.
ferrous sulfate 75(15) mg/mL,PEDIAFER,15 mg/mL,solution,02232202,Sandoz Canada
ferrous sulfate 75(15) mg/mL,FERODAN INFANT DROPS,15 mg/mL,solution,02237385,Odan Laboratories Ltd.
ferrous sulphate 150(30)/5 mL,JAMP FERROUS SULPHATE LIQUID 150MG/5 ML,30 mg/mL,liquid,80008295,"Jamp Pharma 
Corporation"
ferrous sulphate 75(15) mg/mL,JAMP FERROUS SULPHATE INFANT DROP 75MG/ML,15 mg/ml,drops,80008309,"Jamp Pharma 
Corporation"
fexofenadine,ALLEGRA 24 HOUR,120 mg,tablet,02242819,Sanofi Consumer Health Inc.
fexofenadine,ALLEGRA 12 HOUR,60 mg,tablet,02231462,Sanofi Consumer Health Inc.
fluoride (sodium),Fluor A Day Drops 5.56mg/Ml,2.5 mg/mL,drops,00610100,Pharmascience Inc.
folic acid,FOLIC ACID,1 mg,tablet,00318973,Jamieson Laboratories Ltd.
folic acid,FOLIC ACID TAB 1MG USP,1 mg,tablet,00647039,Vita Health Products Inc.
folic acid,"FOLIC ACID TABLETS USP 1 MG; ACIBION 1 MG; BEST FOLIC; FOLIC ACID, FOLIC ACID 1 MG; FOLIC ACID 1 MG TABLETS USP; FOLIC ACID TABLETS USP",1 mg,tablet,02048841,Pharmetics
folic acid,WAMPOLE FOLIC ACID; FOLIC ACID,1 mg,tablet,02236747,"Wampole, Division of Jamp Pharma Corp."
folic acid,FOLIC ACID,1 mg,tablet,80000273,WN Pharmaceuticals Ltd
folic acid,JAMP - FOLIC ACID,1 mg,tablet,80053274,JAMP Pharma Corp.
glucagon,Baqsimi,3 mg,powder,02492415,"Amphastar 
Pharmaceuticals Inc."
glycerin suppository,GLYCERIN SUPPOSITORIES,90%,supp rect,02020394,"Rougier Pharma, a 
division of Teva Canada Ltd."
glycerin suppository,GLYCERIN SUPPOSITORIES,90%,supp rect,00873462,"Rougier Pharma, a 
division of Teva Canada Ltd."
glycerin suppository,JAMP GLYCERIN SUPPOSITORY ADULT,2100 mg,supp rect,80029765,JAMP Pharma Corp.
glycerin suppository,GLYCERIN SUPPOSITORIES (ADULT SIZE) 2600MG; COLACE GLYCERIN,2600 mg,supp rect,01926039,"McNeil Consumer 
Healthcare"
glycerin suppository pediatric,GLYCERIN SUPPOSITORIES,90%,supp rect,02020815,"Rougier Pharma, a 
division of Teva Canada Ltd."
glycerin suppository pediatric,GLYCERIN SUPPOSITORIES FOR INFANTS & CHILDREN; COLACE GLYCERIN,1440 mg,supp rect,01926047,"McNeil Consumer 
Healthcare"
gramicidin D/polymyx B sulf,OPTIMYXIN,"0.025 mg/mL 
10000 unit/mL",drops,00701785,Euro-Pharm International Canada Inc.
gramicidin D/polymyx B sulf,POLYSPORIN EYE AND EAR DROPS STERILE,"0.025 mg/mL 
10000 unit/mL",drops,02239156,Johnson & Johnson Inc.
gramicidin D/polymyx B sulf,POLYSPORIN ANTIBIOTIC CREAM,"0.25 mg/g 
10000 unit/g",cream,02230844,Johnson & Johnson Inc.
hydrocortidone acetate,HYDERM CREAM 1%,1%,cream,00716839,Taro Pharmaceuticals Inc.
hydrocortisone,CORTATE CREAM 0.5%,0.50%,cream,80021088,Bayer Inc.
hydrocortisone,HYDROSONE CREAM,0.50%,cream,00564281,"Rougier Pharma, a 
division of Teva Canada Ltd."
hydrocortisone,CORTATE OINTMENT USP 0.5%; HYDROCORTISONE OINTMENT USP 0.5%,0.50%,oint (g),00716685,Taro Pharmaceuticals Inc.
hydrocortisone,CELL-HYDROCORTISONE CREAM 1%,1%,cream,80073687,"CellChem 
Pharmaceuticals Inc."
hydrocortisone,JAMP-HYDROCORTISONE CREAM 1%,1%,cream,80057189,"Jamp Pharma 
Corporation"
hydrocortisone,JAMP-HYDROCORTISONE LOTION 1%,1%,lotion,80057191,"Jamp Pharma 
Corporation"
hydrocortisone,JAMP-HYDROCORTISONE OINTMENT 1%,1%,oint (g),80057193,"Jamp Pharma 
Corporation"
hydrocortisone,M-HC 1% CREAM,1%,cream,80066164,Mantra Pharma Inc.
hydrocortisone,SANDOZ HYDROCORTISONE CREAM 1%,1%,cream,02412926,Sandoz Canada Inc.
hydrocortisone,CORTODERM OINTMENT 1%,1%,oint (g),00716693,Taro Pharmaceuticals Inc.
hydrocortisone acetate,"JAMP-HC CREAM 1%; JAMP 
HYDROCORTISONE ACETATE 1%",1%,cream,80057178,"Jamp Pharma 
Corporation"
hydrocortisone acetate/urea,DERMAFLEX HC 1% LOTION,1%-10%,lotion,00681997,Paladin Labs Inc.
hydrocortisone/pramoxine,PRAMOX HC CREAM,1%-1%,cream,00770957,"Dermtek 
Pharmaceutique Ltee"
hydrocortisone/urea,Jamp-Hydrocortisone Acetate 1% Urea 10% Cream,1%/10%,cream (g),80061501,Jamp Pharma Corp.
hydroxypropyl cellulose,LACRISERT,5 mg,insert,02250624,"Bausch Health, Canada Inc."
hyoscine,Accel-Hyoscine,10 mg,tablet,02512335,Accel Pharma Inc.
hypromellose,GENTEAL,0.30%,solution,02231289,Alcon Canada Inc.
hypromellose,ISOPTO TEARS 0.5%,0.50%,solution,00000809,Alcon Canada Inc.
hypromellose,ISOPTO TEARS 1%,1%,solution,00000817,Alcon Canada Inc.
ibuprofen,APO-IBUPROFEN,200 mg,tablet,00441643,Apotex Inc.
ibuprofen,APO-IBUPROFEN,400 mg,tablet,00506052,Apotex Inc.
ibuprofen,CHILDREN'S ADVIL,100 mg/5 mL,oral susp,02232297,GlaxoSmithKline
ibuprofen,INFANT'S MOTRIN,40 mg/mL,drops,02238626,"McNeil Consumer 
Healthcare"
ibuprofen,CHILDREN'S MOTRIN,100 mg/5 mL,oral susp,02242365,"McNeil Consumer 
Healthcare"
ibuprofen,JUNIOR STRENGTH ADVIL,100 mg,tab chew,02246403,GlaxoSmithKline
ibuprofen,JAMP-IBUPROFEN,200 mg,tablet,02257912,"Jamp Pharma 
Corporation"
ibuprofen,ADVIL PEDIATRIC DROPS,40 mg/mL,drops,02242522,GlaxoSmithKline
ibuprofen,IBUPROFEN TABLETS,200 mg,tablet,02368072,Vita Health Products Inc.
isopropyl myristate,RESULTZ,50%/w/w,solution,02279592,Aralez Pharmaceuticals Canada Inc.
ketoconazole,NIZORAL,2%,shampoo,02182920,Kramer Laboratories Inc.
lactase,LACTOMAX EXTRA,"45 mg 
(4500.0 FCC LU)",tablet,02224909,Sterimax Inc.
lactase,LACTEEZE DROPS,,solution,11200022,Aurium Pharma
lactase (beta-galactosidase),LACTAID Ultra; LACTAID Fast Act Caplets,9000.0 FCC LU,tablet,02231507,"McNeil Consumer 
Healthcare"
lactase (beta-galactosidase),LACTAID REGULAR STRENGTH,3000.0 unit,tablet,02230653,"McNeil Consumer 
Healthcare"
lactase (beta-galactosidase),LACTAID EXTRA STRENGTH,4500.0 FCC LU,tablet,02230654,"McNeil Consumer 
Healthcare"
lactase (galactosidase,DAIRY DIGESTIVE; DAIRY DIGESTIVE SUPPLEMENT; EXTRA STRENGTH DAIRY DIGESTIVE; LACTASE ENZYME; LACTO+,4500.0 FCC units,caplet,02239140,Vita Health Products Inc.
lactase (galactosidase),"DAIRY DIGESTIVE; DAIRY DIGESTIVE SUPPLEMENT; LACTASE ENZYME; REGULAR STRENGTH DAIRY 
DIGESTIVE",3000.0 FCC units,caplet,02239139,Vita Health Products Inc.
lactulose,JAMP-LACTULOSE,10 g/15 mL (667 mg/mL),solution,02295881,Jamp Pharma Corp.
lactulose,LACTULOSE,10 g/15 mL (667 mg/mL),solution,02412268,Sanis Health Inc.
lactulose,PHARMA-LACTULOSE,10 g/15 mL (667 mg/mL),solution,02247383,Pharmascience Inc.
lactulose,PMS-LACTULOSE SYR 667MG/ML,10 g/15 mL (667 mg/mL),solution,00703486,Pharmascience Inc.
lactulose,RATIO-LACTULOSE,10 g/15 mL (667 mg/mL),solution,00854409,Teva Canada Ltd.
lactulose,TEVA-LACTULOSE,10 g/15 mL (667 mg/mL),solution,02331551,Teva Canada Ltd.
lactulose,APO-LACTULOSE,10 g/15 mL (667 mg/mL),solution,02242814,Apotex Inc. (Bajaj Medical LLC)
lactulose,PMS-LACTULOSE-PHARMA,10 g/15 mL (667 mg/mL),solution,02469391,Pharmascience Inc.
lidocaine,Lidodan Viscous 2%,2%,solution,01968823,Odan Laboratories Ltd.
lidocaine/prilocaine,EMLA CREAM,2.50%,cream,00886858,"Aspen Pharmacare 
Canada Inc."
lidocaine/prilocaine,EMLA PATCH,2.50%,patch,02057794,"Aspen Pharmacare 
Canada Inc."
loperamide hydrochloride,Teva-loperamide,2 mg,tablet,02132591,Teva Canada Ltd.
loperamide hydrochloride,PMS-LOPERAMIDE CAPLET 2MG,2 mg,tablet,02228351,Pharmascience Inc.
loperamide hydrochloride,DIARRHEA RELIEF,2 mg,tablet,02256452,Vita Health Products Inc.
loperamide hydrochloride,APO-LOPERAMIDE TABLET 2MG,2 mg,tablet,02212005,Apotex Inc.
loratadine,24 HOUR ALLERGY REMEDY,10 mg,tablet,02280159,Vita Health Products Inc.
loratadine,ALLERTIN,10 mg,tablet,02418959,Apotex Inc.
loratadine,APO-LORATADINE,10 mg,tablet,02243880,Apotex Inc.
loratadine,CLARITIN ALLERGY,10 mg,tablet,00782696,Bayer Inc.
loratadine,CLARITIN KIDS,"5 mg/5 mL (1 
mg/mL)",syrup,02241523,Bayer Inc.
"macrogol, propylene glycol",LUBRICATING NASAL MIST,15%/20%,"metered-dose 
aerosol",00551813,Pharmascience Inc.
"macrogol, propylene glycol",SECARIS,15%/20%,gel,00551805,Pendopharm Inc.
"macrogol, propylene glycol",RHINARIS NASAL GEL,15%/20%,gel,02352699,Pendopharm Inc.
"macrogol, propylene glycol",LUBRICATING NASAL GEL,15%/20%,gel,02220806,Pharmascience Inc.
"macrogol, propylene glycol",LUBRICATING NASAL MIST,15%/5%,"metered-dose 
aerosol",00732230,Pharmascience Inc.
"macrogol, propylene glycol",RHINARIS NASAL MIST,15%/5%,spray,02354551,Pendopharm Inc.
magnesium,MAGNESIUM 100MG; MAGNESIUM 100MG (EXTRA STRENGTH),100 mg,tablet,02068400,Jamieson Laboratories Ltd.
magnesium,JAMP-MAGNESIUM 100MG,100 mg,tablet,80041590,Jamp Pharma Corp.
magnesium,MAGNESIUM GLUCEPTATE LIQUID; JAMP-MAGNESIUM,100 mg/mL,liquid,80009357,Jamp Pharma Corp.
magnesium citrate,CITRO-MAG SOLUTION; CITRO-MAG (CHERRY FLAVOUR),50 mg/mL,solution,00262609,"Rougier Pharma, a 
division of Teva Canada Ltd."
magnesium citrate,CITRODAN,50 mg/mL,solution,80001809,Odan Laboratories Ltd.
magnesium glucoheptonate,MAGNESIUM-ODAN,5 mg/mL,solution,80004109,Odan Laboratories Ltd.
magnesium glucoheptonate,ROUGIER-MAGNESIUM; ROUGIER MAGNESIUM SUCROSE FREE,100 mg/mL,solution,00026697,"Rougier Pharma, a 
division of Teva Canada Ltd."
magnesium gluconate,MAGLUCATE,500 mg,tablet,00555126,Pendopharm Inc.
magnesium hydroxide,PHILLIPS® MILK OF MAGNESIA; PHILLIPS® MILK OF MAGNESIA FRESH MINT; PHILLIPS® MILK OF MAGNESIA WILD CHERRY,80 mg/mL,liquid,02150646,Bayer Inc.
magnesium oxide,MAGNESIUM OXIDE 420MG,420 mg,tablet,00299448,Swiss Herbal
miconazole 2%,MICATIN MICONAZOLE NITRATE CREAM 2% USP,2%,cream topical,02085852,"Wellspring 
Pharmaceutical Canada Corp."
miconazole 2%,MICONAZOLE,2%,cream vag,02231106,Taro Pharmaceuticals Inc.
miconazole nitrate,MONISTAT 7 DUAL-PAK,100 mg-2%,supp vag/ cream,02126257,Insight Pharmaceuticals LLC
miconazole nitrate,"MICONAZOLE 3 DAY OVULE 
TREATMENT 400MG",400 mg,supp vag,02171775,Vita Health Products Inc.
miconazole nitrate,MONISTAT 3 VAGINAL OVULES,400 mg,supp vag,02126605,Insight Pharmaceuticals LLC
miconazole nitrate,MONISTAT 3 DUAL-PAK,400 mg-2%,kit,02126249,Insight Pharmaceuticals LLC
mineral oil,LANSOYL GEL 78%,78%,gel,00608734,Aurium Pharma
mineral oil,MINERAL OIL,100%,liquid,00485802,Teva Canada Ltd.
mineral oil,MINERAL OIL (HEAVY),100%,liquid,01935348,RW Consumer Products Ltd.
"mineral oil, petrolatum",SOOTHE NIGHT TIME,20%-80%,oint (g),02125706,Bausch & Lomb Inc.
"mineral oil, petrolatum",REFRESH LACRI-LUBE,42.5%-57.3%,oint (g),00210889,Allergan Inc.
modified cornstarch,NESTLE RESOURCE THICKEN UP 227G POWDER,227 g,powder,11200019,Nestle
multivitamin ped,CENTRUM JUNIOR COMPLETE,,tablet,80020794,GlaxoSmithKline
multivitamin ped liq,"JAMP VITAMIN A, D, AND C INFANT DROPS",,liquid,80008471,Jamp Pharma Corp.
multivitamin pediatric,ENFAMIL POLY-VI-SOL,,drops,00762946,Mead Johnson Nutrition
multivitamin pediatric,ENFAMIL TRI-VI-SOL,,drops,00762903,Mead Johnson Nutrition
multivitamin pediatric,FLINTSTONES® MULTIPLE VITAMINS WITH EXTRA C,,tablet,02247975,Bayer Inc.
multivitamin prenatal,"NESTLE MATERNA PRENATAL 
MULTIVITAMIN",,tablet,80082297,Nestle Canada Inc.
multivitamin prenatal,"CENTRUM DHA, CENTRUM 
PRENATAL DHA, DHA",,capsule,80042704,GlaxoSmithKline
multivitamin prenatal,CENTRUM PRENATAL,,tablet,80045822,GlaxoSmithKline
multivitamin prenatal,WAMPOLE COMPLETE MULTI-PRE AND POST NATAL WITH FOLIC ACID,,tablet,02229535,"Wampole, Division of Jamp Pharma Corp."
multivitamin prenatal,"NESTLE MATERNA/CENTRUM 
MATERNA TAB",,tablet,80001842,Wyeth Consumer
multivitamin prenatal,"PRENATAL AND POSTPARTUM VITAMIN AND MINERAL 
SUPPLEMENT",,tablet,02241235,Vita Health Products Inc.
multivitamin prenatal,PRENATAL AND POSTPARTUM VITAMINS AND MINERALS TABLETS,,tablet,80005770,Pharmetics
naphazoline,ALBALON,0.10%,drops,00001147,Allergan Inc.
naproxen,NAPROXEN,220 mg,tablet,02362430,Pharmascience Inc.
niacin,NIACIN 500MG,500 mg,tablet,00309737,Jamieson Laboratories Ltd.
niacin,NIACIN TABLET 500,500 mg,tablet,01939130,Odan Laboratories Ltd.
niacin,NIACIN 500MG YEAST FREE,500 mg,tablet,00557412,Vita Health Products Inc.
nitroglycerin,Nitrostat,0.3 mg,tablet,00037613,BGP Pharma ULC
nitroglycerin,Nitrostat,0.6 mg,tablet,00037621,BGP Pharma ULC
nitroglycerin,Rho-Nitro Pumpspray,0.4 mg,"metered-dose 
pump",02238998,Sandoz Canada Inc.
nystatin,NYADERM CRM 100000UNIT/GM,100000 u/g,cream,00716871,Taro Pharmaceuticals Inc.
PEG 3350,EMOLAX,100%/w/w,powder,02374137,Jamp Pharma Corp.
PEG 3350,RELAXA,100%,powder,02346672,"Medexus 
Pharmaceuticals Inc."
PEG 3350,LAX-A-DAY,100%,powder,02317680,Pendopharm Inc.
PEG 3350,PEG 3350,100%,powder,02358034,Medisca Pharmaceuticals Inc.
PEG 3350,RESTORALAX,100%/w/w,powder,02318164,Bayer Inc.
permethrin,NIX CREME RINSE,1%,cream,00771368,Insight Pharmaceuticals LLC
permethrin,KWELLADA-P CRÈME RINSE,1%,liquid,02231480,Medtech Products Inc.
permethrin,NIX DERMAL CREAM,5%,cream,02219905,GlaxoSmithKline
permethrin,KWELLADA-P LOTION,5%,lotion,02231348,Medtech Products Inc.
petrolatum lanolin mineral oil,SYSTANE OINTMENT,94%/3%/3%,oint (g),02444062,Alcon Canada Inc.
phenylephrine,MYDFRIN,2.5%/w/v,solution,00465763,Alcon Canada Inc.
piperonyl butoxide/pyrethrins,"R & C SHAMPOO WITH 
CONDITIONER",3%/0.33%,shampoo,02125447,Medtech Products Inc.
polyethylene glycol,SYSTANE LUBRICANT EYE DROPS,0.4%/w/v,solution,02248967,Alcon Canada Inc.
polyethylene glycol,SYSTANE GEL DROPS LUBRICANT,,gel drops,11200018,Unknown
"polyethylene glycol, sodium sulphate, sodium bicarbonate, sodium chloride, potassium chloride, bisacodyl",BI-PEGLYTE,,kit,02326302,Pendopharm Inc.
potassium chloride,EURO-K20 TABLET,"20 meq (1500 
mg)",tablet er,02242261,Sandoz Canada Inc.
potassium chloride,PMS-POTASSIUM CHLORIDE,20 meq/15 mL,liquid,02238604,Pharmascience Inc.
potassium chloride,"ODAN K-20 TABLET 1500MG 
(20MEQ)","20 meq (1500 
mg)",tablet,80004415,Odan Laboratories Ltd.
potassium chloride,JAMP-K 8 TABLET 8MEQ,8 meq (600 mg),tablet,80013005,Jamp Pharma Corp.
potassium chloride,JAMP - K 20 TABLET 20MEQ,"20 meq (1500 
mg)",tablet,80013007,Jamp Pharma Corp.
potassium chloride,JAMP POTASSIUM CHLORIDE LIQUID,20meq/15ml,liquid,80024835,Jamp Pharma Corp.
potassium chloride,ODAN POTASSIUM CHLORIDE LIQUID,20meq/15ml,liquid,80046782,Odan Laboratories Ltd.
potassium chloride,JAMP-K EFFERVESCENT,25 meq,tablet,80033602,Jamp Pharma Corp.
potassium chloride,M-K8 600MG TABLET,8 meq (600 mg),tablet,80035346,Mantra Pharma Inc.
potassium chloride,Jamp - Potassium Chloride Er 8 Meq,8 meq (600 mg),tablet,80062704,Jamp Pharma Corp.
potassium chloride,Nutra-K 600mg Tablet (Potassium Chloride),8 meq (600 mg),tablet,80097022,Pharmaline Inc.
potassium chloride,Prz K20 1500 Mg,"20 meq (1500 
mg)",tablet,80107649,Pharmaris Canada Inc.
potassium chloride,Pharmaris K-8 (Potassium Chloride) 600mg Tablets,8 meq (600 mg),tablet,80108882,Pharmaris Canada Inc.
povidone/iodine,BETADINE SOLUTION,10%,solution,00158348,Purdue Pharma
pramoxine/zinc,ANUSOL PLUS SUPPOSITORIES,20 mg/10 mg,supp rect,01945904,Church & Dwight Canada Corp.
psyllium powder,MUCILLIUM (PLANTAGO SEED 50%); LAX-A BALANCE; LAX-A EASE; LAX-A FIBRE,,powder,00599875,Pendopharm Inc.
psyllium powder,"METAMUCIL FIBRE THERAPY – SMOOTH TEXTURE, SUGAR FREE, UNFLAVOURED",,powder,02174804,Procter & Gamble Inc.
psyllium powder,"METAMUCIL FIBRE THERAPY 
– ORIGINAL, UNFLAVOURED",,powder,02174812,Procter & Gamble Inc.
psyllium powder,"METAMUCIL FIBRE THERAPY – SMOOTH TEXTURE, SUGAR FREE, FLAVOURED",,powder,02174782,Procter & Gamble Inc.
psyllium powder,METAMUCIL FIBRE THERAPY – SMOOTH TEXTURE,,powder,02174790,Procter & Gamble Inc.
pyrantel pamoate,COMBANTRIN TAB 125MG,125 mg,tablet,01944363,"McNeil Consumer 
Healthcare"
pyrantel pamoate,Jamp-Pyrantel Pamoate,125mg,tablet,02380617,Jamp Pharma Corp.
salicylic acid,SEBCUR SHAMPOO,4%,shampoo,00666106,"Dermtek 
Pharmaceutique Ltee"
salicylic acid,COMPOUND W GEL,17%,gel,02230131,Medtech Products Inc.
salicylic acid,SOLUVER LIQ. 20%,20%,liquid,00690333,"Dermtek 
Pharmaceutique Ltee"
salicylic acid,SOLUVER PLUS LIQ. 27%,27%,liquid,00837733,"Dermtek 
Pharmaceutique Ltee"
salicylic acid,DR. SCHOLL’S CLEAR AWAY WART REMOVER SALICYLIC ACID PLANTAR WART TREATMENT,40%,plaster,01967878,"Scholl's Wellness 
Company"
salicylic acid,Compound W Plantar Wart Remover,0.4,adh. patch,02239055,Medtech Products Inc.
salicylic acid,Compound W Pads,0.4,adh. patch,02229990,Medtech Products Inc.
salicylic acid/coal tar,SEBCUR-T,4%-10%,shampoo,00666114,"Dermtek 
Pharmaceutique Ltee"
selenium sulfide,SELSUN 2.5% EXTRA STRENGTH,2.50%,lotion,00243000,Sanofi Consumer Health Inc.
selenium sulfide,VERSEL LOTION 2.5%,2.50%,lotion,00594601,Valeo Pharma
sennosides,SENNALAX,8.6 mg,tablet,80069737,"CellChem 
Pharmaceuticals Inc."
sennosides,SENNALAX LIQUID,1.7 mg/mL,liquid,02144379,Pharmascience Inc.
sennosides,SENOKOT SYRUP,1.7 mg/mL,syrup,00367729,Purdue Pharma
sennosides,PMS-SENNOSIDES TAB 12MG,12 mg,tablet,00896403,Pharmascience Inc.
sennosides,JAMP SENNOSIDES 12MG COATED TABLETS,12 mg,tablet,80009183,Jamp Pharma Corp.
sennosides,SENNA TABLET USP; JAMP-SENNA,8.6 mg,tablet,80009595,Jamp Pharma Corp.
sennosides,M SENNOSIDES; M SENNA; M-SENNA 8.6MG,8.6 mg,tablet,80043280,Mantra Pharma Inc.
sennosides,PMS-SENNOSIDES TAB 8.6MG,8.6 mg,tablet,00896411,Pharmascience Inc.
sennosides,LAX-A SENNA; LAX-A NIGHT; LAX-A SEN; SENNATAB,8.6 mg,tablet,02068109,Pendopharm Inc.
sennosides,SENNA LAXATIVE,8.6 mg,tablet,02237105,Vita Health Products Inc.
sennosides,JAMP SENNOSIDES 8.6MG COATED TABLETS,8.6 mg,tablet,80009182,Jamp Pharma Corp.
sennosides,EURO-SENNA; SANDOZ SENNA,8.6 mg,tablet,02247389,Sandoz Canada Inc.
sennosides,SENNALAX FORTE,12 mg,tablet,80069733,"CellChem 
Pharmaceuticals Inc."
sennosides/docusate sodium,SENNA LAXATIVE AND DOCUSATE SODIUM TABLETS,8.6 mg - 50 mg,tablet,02247134,Vita Health Products Inc.
sennosides/docusate sodium,SANDOZ SENNA S,8.6 mg - 50 mg,tablet,02247390,Sandoz Canada Inc.
sennosides/docusate sodium,JAMP-SENNA S,8.6 mg - 50 mg,tablet,02291215,Jamp Pharma Corp.
sodium bicarbonate,XENEX SODIUM BICARBONATE 325MG TABLETS,325 mg,tablet,00481912,Xenex Laboratories Inc.
sodium carboxymethylcellulose,REFRESH PLUS DPS 5MG/ML,0.50%,drops,02049260,Allergan Inc.
sodium carboxymethylcellulose,REFRESH TEARS,0.50%,drops,02231008,Allergan Inc.
sodium carboxymethylcellulose,REFRESH CELLUVISC,1%,drops,00870153,Allergan Inc.
sodium carboxymethylcellulose,REFRESH LIQUIGEL,1%,solution,02244650,Allergan Inc.
sodium chloride,BALLARD UNIT DOSE - NAS ORL.9%; Halyard* Single Dose Saline Vials,0.90%,"val/neb; vapour from liquid 
(inhalation)",02215977,Ballard Medica
sodium chloride,"0.9% SODIUM CHLORIDE INJECTION, USP",0.90%,solution,02150204,Omega Laboratories Ltd.
sodium chloride,AIRLIFE MODUDOSE 0.9% SODIUM CHLORIDE SOLUTION NEBULES FOR INHALATION,0.90%,solution,80023553,Carefusion
sodium chloride,"SODIUM CHLORIDE 
BACTERIOSTATIC INJ",0.90%,liquid,00402249,Omega Laboratories Ltd.
sodium chloride,SODIUM CHLORIDE INJECTION USP,0.90%,solution,00037796,Pzifer Canada ULC
sodium chloride,"0.9% SODIUM CHLORIDE INJECTION, USP",0.90%,solution,00060208,Baxter Corp.
sodium chloride,MURO 128 OINTMENT 5%,5%,oint (g),00750816,Bausch & Lomb Inc.
sodium chloride,"ODAN-SODIUM CHLORIDE 
OPHTHALMIC OINTMENT USP",5%,oint (g),80046696,Odan Laboratories Ltd.
sodium chloride,MURO 128 SOLUTION 5%,5%,solution,00750824,Bausch & Lomb Inc.
sodium chloride,SODIUM CHLORIDE 1G CAP,1 g,,11200020,Unknown
sodium chloride,SALINEX DROPS,9 mg/mL,nasal drops,80024901,Sandoz Canada
sodium chloride,SALINEX NASAL SPRAY,9 mg/mL,spray,80024381,Sandoz Canada
sodium chloride,SODIUM CHLORIDE INHALATION SOLUTION USP 0.9%,0.90%,vial-neb,02058235,The Rightdose C
sodium chloride,Odan-Sodium Chloride Ophthalmic Solution Usp 5% Solution,0.05,solution,80046737,Odan Laboratories Ltd.
sodium cromoglycate,CROMOLYN EYE DROPS,2%,solution,02009277,Pendopharm Inc.
sodium cromoglycate,RHINARIS-CS ANTI-ALLERGIC NASAL MIST,2%,spray,01950541,Pendopharm Inc.
sodium phosphate,"JAMP-SODIUM PHOSPHATE 
500/469/123 MG TAB",500/469/123 mg,tab eff.,80047562,Jamp Pharma Corp.
sodium phosphate,PHOSLAX,0.9 g-2.4 g,solution,80000689,Odan Laboratories Ltd.
sodium phosphate,"PHOSPHATES SOLUTION; OPTION + PHOSPHATES SOLUTION; 
PHARMASAVE PHOSPHATES 
SOLUTION; RÉSERVÉ PHOSPHATES SOLUTION",480 mg/mL,solution,02230399,Pharmascience Inc.
sodium phosphate,Jamp-sodium phosphate solution,0.891g-2.4g,solution,80034416,Jamp Pharma Corp.
sterile water,STERILE WATER FOR INJECTION USP,100%,IV solution,01927930,B. Braun Medical
sterile water,STERILE WATER FOR INJECTION USP,100%,liquid,00402257,Omega Laboratories Ltd.
sterile water,STERILE WATER FOR INJECTION USP,100%,solution,02142546,Pfizer Canada ULC
sterile water,BACTERIOSTATIC WATER FOR INJECTION USP,30 mL/30 mL,solution,00038202,Pfizer Canada ULC
tolnaftate,TINACTIN,1%,cream,00576034,Bayer Inc.
tolnaftate,DR. SCHOLL'S ATHLETE'S FOOT SPRAY POWDER,1%,powder,01919245,"Scholl's Wellness 
Company"
tolnaftate,TINACTIN POWDER,1%,powder,00576042,Bayer Inc.
tolnaftate,TINACTIN AEROSOL POWDER,1%,powder,00576050,Bayer Inc.
unknown generic name,CANTHARONE LIQUID 0.7%,0.70%,liquid,80023975,Dormer Laboratories Inc.
unknown generic name,JAMP SENNAQUIL 1.7 MG/ML,1.7 mg/mL,liquid,80024394,Jamp Pharma Corp.
vitamin A,"VITAMIN A 10,000IU","10,000 IU",capsule,00297720,Jamieson Laboratories Ltd.
vitamin B12,VITAMIN B12,1000 mcg/mL,vial,00521515,Sandoz Canada Inc.
vitamin B12,CYANOCOBALAMIN INJECTION USP,1000 mcg/ml,vial,02413795,Stride Pharma
vitamin B12,JAMP-CYANOCOBALAMIN INJECTION,1000 mcg/ml,vial,02420147,Jamp Pharma Corp.
vitamin B12,B-12 1000 INJECTION 1000MCG/ML,1000 mcg/ml,vial,00626112,Omega Laboratories Ltd.
vitamin B12,CYANOCOBALAMIN INJECTION USP,1000 mcg/mL,ampul,01987003,Sterimax Inc.
vitamin B12,VITAMIN B12 1000MCG,1000 mcg,tablet,80012952,Jamieson Laboratories Ltd.
vitamin B6,"PYRIDOXINE HYDROCHLORIDE INJECTION, USP",100 mg/mL,vial,02245215,Mylan Pharmaceuticals ULC
vitamin B6,VITAMIN B6 100MG TABLET,100 mg,tablet,80003665,WN Pharmaceuticals Ltd
vitamin B6,VITAMIN B6 100MG TAB,100 mg,tablet,00263958,Valeant Canada
vitamin B6,VITAMIN B6 100MG,100 mg,tablet,00329185,Jamieson Laboratories Ltd.
vitamin B6,VITAMIN B6 100MG TABLETS USP,100 mg,tablet,02239348,Pharmetics
vitamin B6,B6 TABLETS 100MG,100 mg,tablet,00450677,Vita Health Products Inc.
vitamin B6,VITAMIN B6 25MG,25 mg,tablet,80002890,Jamp Pharma Corp.
vitamin B6,VITAMIN B6 TAB 50MG,50 mg,tablet,00305227,Jamieson Laboratories Ltd.
vitamin C,VITAMIN C,250 mg/mL,ampul,00780634,Sandoz Canada Inc.
vitamin C,VITAMIN C 500MG TABLET,500 mg,tablet,80001520,"Wampole, Division of Jamp Pharma Corp."
vitamin C,VITAMIN C 1000MG SUSTAINED RELEASE TABLETS,1000 mg,tablet er,00760587,Pharmetics
vitamin C,VITAMIN C TABLETS 1000MG,1000 mg,tablet,00354376,Pharmetics
vitamin C,"VITAMIN C TABLETS 250MG 
CHEWABLE; VITAMIN C 250MG; VITAMIN C",250 mg,tablet chew,00266051,Pharmetics
vitamin C,VITAMIN C TAB 250MG; VITAMIN C 250MG; VITAMIN C 250MG TABLETS USP,250 mg,tablet,00162515,Pharmetics
vitamin C,VITAMIN C TAB 250MG; VITAMIN C 250MG TABLETS USP PLAIN,250 mg,tablet,00557811,Vita Health Products Inc.
vitamin C,VITAMIN C; VITAMIN C 500MG TABLET,500 mg,tablet,02163268,Jamieson Laboratories Ltd.
vitamin C,ASCORBIC ACID TABLETS 500MG; C 500MG; VITAMIN C 500MG,500 mg,tablet,00266086,Pharmetics
vitamin C,WAMPOLE CHEWABLE VITAMIN C 500MG TABLETS; VITAMIN C,500 mg,tablet chew,00274240,"Wampole, Division of Jamp Pharma Corp."
vitamin C,"VITAMIN C 500MG CHEWABLE TABLETS NATURAL ORANGE 
FLAVOUR; CHEWABLE VITAMIN C 500MG",500 mg,tablet chew,02245721,Pharmetics
vitamin C,"CHEWABLE VITAMIN C 500MG; C 500MG, C 500MG CHEWABLE;",500 mg,tablet chew,00784591,Vita Health Products Inc.
vitamin C,"VITAMIN C; CHEWABLE C; 
CHEWABLE VITAMIN C; VITAMIN C CHEWABLE",500 mg,tablet chew,02245348,WN Pharmaceuticals Ltd
vitamin C,WAMPOLE VITAMIN C 500MG TABLETS,500 mg,tablet,00036188,"Wampole, Division of Jamp Pharma Corp."
vitamin C,VITAMIN C TABLET 500MG,500 mg,tablet,00041114,Adams Labs Ltd.
vitamin C,VITAMIN C TAB 500MG ORANGE FLAVOURED CHEWABLE,500 mg,tablet chew,00322326,Adams Labs Ltd.
vitamin C,VITAMIN C TAB 500MG,500 mg,tablet,00557838,Vita Health Products Inc.
vitamin C,VITAMIN C 500MG TABLETS USP; VITAMIN C,500 mg,tablet,02244469,Pharmetics
vitamin C,VITAMIN C 500MG TAB,500 mg,tablet,80003328,WN Pharmaceuticals Ltd
vitamin D,M-D1000 GEL,1000 IU,capsule; soft,80055204,Mantra Pharma Inc.
vitamin D,D-GEL 1000,1000 IU,softgel,80007766,Jamp Pharma Corp.
vitamin D,VITAMIN D 1000IU (TABLET); D 1000IU; D3; VITAMIN D,1000 IU,tablet,80000436,Jamieson Laboratories Ltd.
vitamin D,VITAMIN D 1000 IU TABLET; D3; VITAMIN D3; PROVITA D3,1000 IU,tablet,80003663,WN Pharmaceuticals Ltd
vitamin D,VITAMIN D 1000IU,1000 IU,tablet,80009580,Swiss Herbal
vitamin D,VITAMIN D3 1000 IU TABLETS; ACTI D; BONES & JOINTS VITAMIN D3 1000IU,1000 IU,tablet,02245842,Pharmetics
vitamin D,"VITAMIN D 1000IU CHEW; 
CHEWABLE VITAMIN D CHOCOLATE; CHEWABLE VITAMIN D ORANGE; D3; VITAMIN D; VITAMIN D3",1000 IU,tablet chew,80031157,WN Pharmaceuticals Ltd
vitamin D,DDROPS 25.0 MCG,1000 IU liquid,liquid,80001791,Unknown
vitamin D,JAMP-VITAMIN D LIQUID 1000IU,1000 IU liquid,liquid,80028362,Jamp Pharma Corp.
vitamin D,EURO D VITAMIN D3 400 IU,400 IU,capsule,02242651,Sandoz Canada Inc.
vitamin D,VITAMINE D 400 UI,400 IU,capsule,80008590,Biomed Pharma
vitamin D,D-GEL 400,400 IU,softgel,80006629,Jamp Pharma Corp.
vitamin D,WAMPOLE VITAMIN D 400 IU TABLETS; VITAMIN D3,400 IU,tablet,02240624,"Wampole, Division of Jamp Pharma Corp."
vitamin D,VITAMIN D 400 IU; VITAMIN D3; WEBBERS NATURALS VITAMIN D3,400 IU,tablet,80002452,WN Pharmaceuticals Ltd
vitamin D,VITAMIN D 400 IU,400 IU,tablet,02238729,Vita Health Products Inc.
vitamin D,VITAMIN D 400 IU TABLET,400 IU,tablet,02240858,Pharmetics
vitamin D,ENFAMIL D-VI-SOL INFANTS DROPS 400 UNIT/ML,400 IU liquid,drops,00762881,Mead Johnson Nutrition
vitamin D,BABY DDROPS 10MCG,400 IU liquid,drops,80001869,Unknown
vitamin D,JAMP D3-DOL 400IU O/L; JAMP D3- DOL,400 IU liquid,liquid,80019649,Jamp Pharma Corp.
vitamin D,DDROPS VITAMIN D3 400U DROPS; KIDS DDROPS,400 IU liquid,drops,80001792,Unknown
vitamin D,JAMP-VITAMIN D 400IU DROPS; D3- POM,400 IU liquid,drops,80003038,Jamp Pharma Corp.
vitamin D,PEDIAVIT D ORAL SOLUTION USP,400 IU liquid,drops,02231624,Euro-Pharm International Canada Inc.
vitamin B1,THIAMIJECT INJECTION - LIQ IM IV 100MG/ML,100 mg/mL,liquid,02193221,Omega Laboratories Ltd.
vitamin B1,VITAMIN B1,100 mg,tablet,00407011,Jamieson Laboratories Ltd.
vitamin B1,VITAMIN B1,100 mg,tablet,00232467,Adams Lab Ltd.
vitamin B1,VITAMIN B1,100 mg,tablet,80000352,WN Pharmaceuticals Ltd
vitamin B1,VITAMIN B1 100MG TABLET; JAMP VITAMIN B1,100 mg,tablet,80009588,Jamp Pharma Corp.
vitamin B1,VITAMIN B1,100 mg/mL,ampul,00816078,Sandoz Canada Inc.
vitamin B1,JAMP-VITAMIN B1,50 mg,tablet,80009633,Jamp Pharma Corp.
vitamin B12,JAMP-VITAMIN B12 1000MCG RAPID ORAL DISSOLUTION,1000 mcg,tablet,80028902,Jamp Pharma Corp.
vitamin B12,JAMP-VITAMIN B12 1000MCG,1000 mcg,tablet,80015276,Jamp Pharma Corp.
vitamin B12,VITAMIN B12 METHYLCOBALAMIN B12; B12 SUBLINGUAL; VITAMIN B12,1000 mcg,tablet,80006939,WN Pharmaceuticals Ltd
vitamin B12,"VITAMIN B12 1000MCG TIMED RELEASE; B12; VITAMIN B12; 
VITAMIN B12 1000MCG",1000 mcg,tablet,80003575,Pharmetics
vitamin B12,VITAMIN B12 1000MCG TABLETS,1000 mcg,tablet,02237736,Swiss Herbal
vitamin B12,BEDUZIL ORAL LIQUID,200 mcg/mL,liquid,80039903,Orimed Pharma Inc.
vitamin B12,JAMP-VITAMIN B12 250MCG,250 mcg,tablet,80015294,Jamp Pharma Corp.
vitamin B12,VITAMIN B12 250MCG,250 mcg,tablet,00335940,Jamieson Laboratories Ltd.
vitamin B12,VITAMIN B12 TABLETS 250MCG,250 mcg,tablet,02239695,Pharmetics
vitamin B12,VITAMIN B12 250MCG TABLETS,250 mcg,tablet,80004053,WN Pharmaceuticals Ltd
zinc oxide,ZINC OXIDE CREAM 15%,15%,cream,02215799,H.J. Sutton Industries Ltd.
zinc oxide,IHLE'S PASTE,25%,paste,00532576,"Rougier Pharma, a 
division of Teva Canada Ltd."
zinc oxide,PÂTE D'IHLE PST 25%,25%,paste,00886327,Laboratoire Atlas Inc.
zinc oxide,Infazinc Ont 15%,0.15,oint (g),00572519,Laboratoire Atlas Inc.
zinc oxide/white petrolatum,ZINCOFAX EXTRA STRENGTH,40%-47%,oint (g),02239160,Paladin Labs Inc.
zinc oxide/white petrolatum,ZINCOFAX,15%-69%,oint (g),02239162,Paladin Labs Inc.